,ID
0,AS0401
1,MK1711
2,KM0312
3,IS0103
4,MB0503
5,AN2907
6,KS2404
7,AS2008
8,PW2803
9,JP1201
10,MC1506
11,AB0612
12,IB1704
13,KS2803
14,KK1110
15,JZ0904
16,VZ0501
17,KS3101
18,MP0407
19,RJ1803
20,MW1508
21,NB1103
22,DP2901
23,MD1502
24,KK0110
25,JG0702
26,MC1404
27,MC1606
28,JM2103
29,DP1905
30,MK1506
31,MM1112
32,AO2601
33,AK2012
34,FK0508
35,KB0101
36,AC2011
37,ZW2709
38,KS2308
39,AD2906
40,JM0308
41,KA0606
42,AK0105
43,MR1502
44,PC2411
45,AA0303
46,KP0907
47,SW1708
48,DM0809
49,AK0101
50,LK1409
51,AW2504
52,HP0806
53,BZ1405
54,WO2701
55,AB0601
56,SR0807
57,MB0402
58,AD1308
59,PM0209
60,AL0402
61,MH0209
62,MB0401
63,AD2711
64,GP3001
65,UB1806
66,MW0407
67,AW0803
68,AS0802
69,MG0105
70,AS2303
71,NS1510
72,MS1409
73,PS1001
74,AW0402
75,AS0805
76,KT2702
77,KJ2906
78,KG2901
79,MG2806
80,WC0301
81,JS0303
82,KB2309
83,AR1506
84,KJ1811
85,TZ2302
86,BW1003
87,IA2105
88,PD0809
89,KN1606
90,JM3011
91,KM2404
92,MA0706
93,JM0103
94,MJ1306
95,DO0607
96,WS0402
97,RS1510
98,JW1005
99,KW1604
100,GS1110
101,MP1011
102,DK0105
103,KP0810
104,MW1509
105,JA2905
106,MK1212
107,TW2701
108,LB1702
109,EK1909
110,OL0209
111,AW0601
112,DK1709
113,AG1208
114,SK2711
115,KN2702
116,JF2307
117,GW1704
118,KS0412
119,AR0607
120,HN2708
121,MK1007
122,JL2111
123,IG0308
124,MB1610
125,BZ1004
126,MD2903
127,PS1511
128,MW1710
129,RS0303
